Locus;VIOL1;URAL1;URUR1;URAL2;URAL3;URAL4;URAL5;URAR1;URUR2;URAR2;URUR3;VIOL2;URAL6;URAL7;URUR4;URUR5;URAL8;URAL9;URUR6;URUR7;URUR8;INFU1;URAR3;URUR9;URAL10;WAHL1;URAL11;URUR10;URUR11;SOCZ1;URAL12;URUR12;URAR4;URAL13;SOCZ2;SOCZ3;VIOL3;INFU2;SOCZ4;URAR5;URAR6;WAHL2;SOCZ5;URUR13;URAL14;URUR14;URUR15;URUR16;URUR17;URUR18;URAL15;SOCZ6;URUR19;URUR20;URAL16;URAR7;URUR21;INFU4;SOCZ7;ININ;URUR22;URAR8;URAR9;URAR10;URUR23;INTE1;URAL17;URUR24;VIOL4;URUR25;URUR26;URAR11;INFU3;URUR27;SOCZ8;INTE2;SOCZ9;URUR28;URAL18;URAL19
gene-106-consensus;10.6337;26.5867;23.0622;21.4561;20.1024;3.77172;11.1756;23.0125;2.86186;23.2735;14.9284;17.4151;14.9627;12.3697;29.9714;20.3789;20.6932;22.9066;19.1129;4.64603;8.01073;19.6144;25.3739;22.6205;27.9765;20.22;6.19675;61.0826;25.4585;26.4585;14.5754;12.3895;12.5748;20.2236;0.916667;30.5347;11.6929;21.2191;41.7468;13.4524;20.6422;11.081;17.0884;27.8991;45.8746;33.11;52.9363;4.60469;67.8468;68.3928;41.4808;77.6849;54.6031;49.7023;43.5694;52.8162;55.595;53.3436;2.43885;89.7719;96.1216;51.0502;157.981;0;42.5602;51.915;55.4324;19.3209;2.39588;2.8861;72.6774;153.449;45.3328;79.7042;0;7.24203;87.2777;24.0641;62.0288;0
gene-107-consensus;24.4711;57.8259;32.3026;31.2892;25.7556;13.0413;16.7958;45.4555;16.0088;34.475;28.3245;31.6679;35.7191;31.3103;46.3671;24.6428;29.8837;29.8351;30.8563;14.5649;25.7154;35.5572;40.9569;33.2681;31.0403;32.7634;11.6702;85.799;46.1772;33.2215;39.4368;42.5413;20.7375;25.5458;4.51411;53.0526;23.4727;36.961;67.6293;27.636;38.0639;17.3612;26.7392;35.764;72.0824;56.7291;86.6656;16.4927;98.9238;123.745;67.9629;113.919;107.706;81.168;76.9903;63.239;82.2414;82.8505;4.14955;114.017;120.345;103.66;161.122;0.175076;63.3482;86.0578;61.5903;33.8073;4.08604;3.68408;100.522;186.145;78.5128;99.2058;0.0677738;12.3125;125.35;33.5703;109.306;94.82
gene-109-consensus;14.8926;32.2444;20.7965;17.1753;15.6495;11.5751;9.76054;44.4109;6.76298;23.5245;18.6402;22.357;16.8237;23.4282;29.9085;14.09;19.4002;15.7114;21.0987;16.5034;10.0089;23.7897;27.9625;19.3862;16.9414;15.5466;8.22145;48.7782;31.3547;23.6307;18.0802;32.8125;13.4197;18.08;3.48244;40.4802;14.4132;24.4133;43.8273;18.3523;37.5292;11.7627;13.7531;21.5576;39.3805;31.8862;61.479;11.7232;68.0969;85.0528;39.4658;64.2148;72.8639;53.9258;43.7671;42.9143;60.9185;45.365;1.9225;99.7435;79.6808;0;113.252;0.101003;40.8646;50.6136;47.7917;21.5734;1.90967;0.288719;72.1672;108.784;51.5711;71.3883;0.0929507;7.29902;75.3777;20.7017;112.18;0
gene-10-consensus;11.3567;32.0359;27.9747;30.9126;20.9969;1.63874;12.5117;29.7724;4.42619;34.9078;30.231;11.7544;24.2931;10.6286;45.3518;21.8648;25.8198;28.442;8.42634;0;13.6195;23.1239;31.5551;34.9061;25.2255;24.4162;0;54.3107;28.0536;26.6906;21.5961;15.7125;0;19.7492;0.556377;40.4128;0;31.7382;31.8278;4.36604;20.7771;17.7696;23.5709;34.3017;56.5343;55.987;62.3514;7.59037;75.2592;87.954;59.071;87.0589;56.5452;46.2199;56.547;63.983;69.6221;66.0154;2.99502;80.9074;91.445;82.3816;0;0.562295;57.0636;63.1317;52.9134;33.7475;3.60671;3.69323;97.7983;103.035;64.4566;77.9989;0;9.0436;80.1202;32.247;85.7055;77.6321
gene-110-consensus;24.9625;64.5406;32.7591;28.3082;25.0897;14.1069;28.3989;72.2779;8.6646;36.2075;37.4282;28.3627;39.0676;35.6396;44.7387;19.254;39.5723;25.6109;29.4662;19.9659;16.2879;24.287;32.4299;39.959;26.9039;30.113;12.8393;69.6076;50.441;45.4527;35.2426;36.0171;16.9745;26.92;4.64135;73.684;26.4293;26.9488;93.5116;25.3278;25.163;22.7607;29.6638;42.255;81.2629;58.1886;88.1443;19.581;95.9546;89.1431;79.5274;106.316;102.347;85.5843;68.9574;74.0076;85.4578;76.1247;5.75214;129.872;125.258;88.4998;171.235;0;71.538;88.9562;72.9589;36.551;3.66732;3.38122;121.279;116.679;66.8338;100.225;0.192684;8.22124;87.0404;37.1262;99.0078;103.758
gene-111-consensus;22.0075;55.5094;28.5774;28.3123;24.5231;22.436;17.4352;57.461;25.2642;39.3525;27.2078;33.0216;29.6068;34.4655;41.9664;26.6446;29.6487;27.9245;42.0166;31.6458;15.4332;33.3323;36.4832;33.29;28.5658;26.8043;17.8066;87.4828;56.0175;40.0768;28.3215;68.3144;24.6991;25.4177;8.85231;64.4151;26.9827;42.0471;85.7129;33.8591;35.9878;14.0597;23.2813;33.6358;67.7118;45.0557;85.1661;17.4465;86.1796;100.514;69.2744;88.178;98.9993;70.0296;65.8289;61.3613;75.8468;79.0534;3.56416;139.456;127.994;94.9714;211.255;0.226795;54.0313;102.896;61.8757;30.429;3.31721;2.10194;105.883;145.275;84.8499;95.0196;0;10.3262;93.6574;28.0063;99.4623;86.7272
gene-112-consensus;15.5851;30.4073;27.1985;24.5948;19.964;23.217;13.8354;38.4758;18.9821;26.2151;22.8457;16.1176;16.5802;25.6699;38.6067;17.2379;23.3416;16.7644;29.4362;15.1828;13.4402;27.8796;24.3623;27.0844;18.1923;25.6009;9.43242;61.091;43.711;26.884;24.5479;46.6033;16.5047;19.9621;6.14264;40.6794;19.4957;33.5054;60.85;21.8033;19.3562;9.64827;18.3351;29.7254;37.6238;34.0498;67.3202;11.2978;67.672;74.9837;42.9169;75.8047;54.6555;38.9014;51.9888;48.325;56.7656;62.4832;2.88436;84.088;79.259;61.1872;105.948;0.164319;49.1697;51.6577;50.1649;23.6055;3.75933;1.66632;73.9873;162.117;61.5854;68.4933;0;8.80915;87.2348;29.1271;64.5433;57.4741
gene-114-consensus;19.4051;35.8779;29.8892;27.4903;29.0279;25.8738;19.8367;47.1226;30.9626;55.1777;28.5217;27.6627;17.6871;36.4516;36.3194;23.1945;29.1593;21.3922;82.3674;21.7935;16.2961;27.3456;35.7567;29.4682;26.5412;24.475;15.7232;72.5877;64.386;46.168;19.1153;72.4247;20.8997;28.4259;9.39899;68.4272;28.372;47.3997;87.9512;31.0356;43.2984;11.5337;25.7396;23.9517;46.3945;40.1701;63.8745;17.2493;64.6555;81.3085;47.9188;69.6943;69.226;44.796;52.417;54.4818;68.1043;58.4964;3.62467;121.5;62.7478;0;95.9338;0;41.6014;41.3664;0;21.8702;2.21553;4.7025;74.883;100.973;56.1816;56.8124;0;7.68068;95.6468;24.0026;76.7306;64.9656
gene-120-consensus;14.2567;38.3367;26.0575;28.2405;33.4013;12.6724;14.3725;33.5516;4.4107;29.4611;34.6235;23.077;27.0809;23.8577;55.1809;20.0614;25.5131;20.6429;20.9307;10.6067;11.868;62.6132;39.3561;48.9151;29.7322;27.4289;8.01587;67.1722;37.6228;27.1917;23.1377;26.6242;16.4491;21.1515;1.91774;45.4274;18.5181;48.3284;39.6241;24.6846;33.6652;16.6315;14.3038;22.3746;49.8085;35.3282;54.2215;12.517;73.6918;84.9732;74.1589;68.119;58.1087;53.239;47.6826;50.1622;55.2044;62.5317;3.07877;83.8116;69.6868;68.7375;142.712;0.167592;49.1496;91.6622;46.0898;23.8853;3.01032;3.6028;51.4037;118.024;96.3549;77.8447;0;7.77487;64.7289;23.5457;75.4291;71.4311
gene-124-consensus;33.4762;55.736;31.953;47.062;26.9921;64.6344;19.426;47.3889;79.2253;70.8195;33.7201;52.9168;26.5521;50.963;55.7247;34.5731;44.1511;35.2282;83.8553;40.7651;28.4054;34.4524;62.4698;46.3843;44.2817;34.4151;19.173;113.153;108.927;59.9881;34.239;175.523;31.1045;41.0939;17.4991;76.5655;27.318;49.2911;123.603;34.5798;50.3282;24.1544;40.6057;27.9747;85.9009;51.8274;66.9143;29.2473;83.4848;88.2007;57.2132;97.5202;64.947;84.1688;66.2839;73.4638;83.1885;64.7527;4.77278;0;122.83;102.572;163.448;0.231011;58.1888;75.7492;73.9143;29.3021;4.47079;3.42692;0;150.898;65.3601;111.044;0;12.0685;83.33;38.2505;110.827;103.556
gene-125-consensus;29.3447;29.8387;26.9387;28.3668;14.9774;4.95536;13.1213;24.0964;11.6742;28.1859;25.3414;29.852;34.0169;34.4941;39.079;13.5308;47.0718;19.8057;15.6829;12.9021;17.0081;15.1876;29.0249;26.8439;22.3429;22.8353;12.6025;46.8256;42.94;26.1648;22.9749;25.3578;11.906;14.3943;2.53805;31.7574;24.8999;23.3958;39.5717;28.616;17.7567;15.1685;10.1627;21.1295;34.6604;33.9348;45.7848;15.0956;59.6756;58.5602;0;61.0153;64.6103;34.3563;40.1746;33.9107;46.6244;31.1916;3.23635;53.5688;52.0438;38.2074;0;0.559259;38.783;42.6457;32.3507;23.2162;6.2618;0.930982;0;63.9867;50.6482;34.8786;0;8.78502;29.6169;18.5234;50.4102;38.852
gene-126-consensus;22.4872;49.2921;42.355;41.206;30.4136;27.3061;18.0573;59.5054;28.6073;48.2834;29.9469;38.8354;35.024;38.9346;55.7181;31.8522;35.422;30.7028;48.0882;37.3771;25.5742;38.8155;45.8855;42.6519;33.1489;33.0675;15.3349;83.0529;53.9434;53.2742;32.9544;84.1219;21.44;27.2549;6.63787;73.0921;29.5431;49.3375;85.5595;31.003;38.8625;19.2719;30.0095;38.6823;68.7285;56.9935;86.4992;19.6865;69.4719;116.912;78.6483;100.742;84.4086;76.2813;70.1431;69.9265;76.2854;67.6771;5.86586;0;114.015;107.583;163.037;0.0439024;52.7752;105.142;70.6852;34.1514;3.88206;3.77284;109.962;134.835;83.2732;97.4996;0.109639;13.6749;94.2624;37.3374;110.102;97.519
gene-134-consensus;24.1193;48.8128;25.2359;26.0269;23.5274;15.5933;16.2366;44.0756;9.64353;26.3631;26.2987;29.383;31.681;22.322;44.3072;18.5446;24.5549;21.6135;24.332;27.5075;22.4446;37.342;33.9578;30.5599;27.2881;21.5096;13.4317;78.0203;33.6813;32.7548;36.1156;35.3947;18.2673;23.0146;4.40992;53.285;26.7739;29.0023;64.3279;27.9689;31.8088;14.1621;19.6818;33.1017;62.1715;48.2536;87.0829;17.0831;102.075;111.419;64.8811;101.841;82.929;62.7483;63.8433;62.3977;82.4115;58.5527;4.82735;147.76;116.627;94.5846;165.554;1.22592;61.6703;82.9943;68.452;29.6942;3.92518;2.33547;105.627;0;81.6243;90.5917;0;8.99098;126.592;28.1334;102.794;81.7863
gene-139-consensus;14.2437;32.0972;18.0592;16.0674;16.1993;20.6715;10.8815;35.4058;30.0831;22.6033;17.9235;22.3641;16.0454;23.0165;27.8937;19.0824;17.9662;16.3179;42.6696;14.7409;13.7012;18.7444;25.0382;16.2073;18.9509;17.9025;7.83502;30.9623;38.0705;20.1731;18.3249;72.332;11.8453;12.5923;6.72135;47.013;13.4569;26.8074;73.5827;14.938;17.6562;6.25637;16.8623;25.0807;44.6761;27.5833;63.4808;11.8562;51.9404;64.5382;0;68.8319;47.49;42.5683;35.0692;43.8585;37.2077;50.6039;2.69078;66.7953;64.3721;60.5299;90.4283;0;36.8119;32.9707;40.3133;15.0455;2.05484;1.69565;62.11;76.2187;44.3746;45.5423;0;5.81223;36.3676;26.3715;62.9665;52.6967
gene-140-consensus;11.0683;26.1773;15.7802;17.5937;12.305;14.7044;10.2593;33.2094;13.6621;17.9852;18.3636;12.3526;19.1996;21.8201;32.4055;13.2424;15.3665;13.15;18.8167;15.3682;9.16575;17.6193;15.4717;21.6464;16.577;20.4184;26.2852;43.5342;25.8634;25.4645;22.1086;35.5951;9.93856;11.7628;4.23861;31.9713;14.5191;18.0724;33.479;13.7279;21.4672;8.68623;10.8397;18.5159;33.2039;36.4241;54.5324;11.4153;65.4041;104.143;37.9004;70.3064;59.4483;39.2215;47.9051;35.3506;52.0613;32.6668;2.2223;73.3913;81.8748;62.8499;92.0839;0.51071;40.1914;47.5755;36.8924;17.3394;1.78135;2.52569;71.2702;118.958;44.8389;58.0958;0;6.80703;46.0129;21.4607;57.5005;50.6624
gene-14-consensus;12.5062;37.7861;25.952;27.5769;23.9298;9.97229;14.9455;35.5222;15.8953;30.3867;21.8908;17.2968;19.8242;17.471;43.3807;20.8255;23.3881;21.948;32.987;15.018;14.9954;78.1473;31.7594;28.4454;24.2599;27.637;8.21442;60.1965;35.641;28.5789;23.3782;39.606;13.0265;26.7008;0.981395;43.171;13.9914;38.7129;48.5359;13.5827;18.9602;14.013;23.2732;31.9862;51.8409;34.9728;59.7833;9.38289;67.8447;75.6929;53.9931;80.163;73.6445;62.7219;54.7593;41.5231;58.4327;72.7076;3.04147;129.687;0;92.6874;178.172;0.15551;49.6276;92.5727;0;27.9882;4.52989;4.67889;109.346;0;64.3477;81.4145;0;7.48671;102.359;32.9335;76.7994;61.7194
gene-15-consensus;26.5407;74.1165;32.9459;45.7582;39.4908;18.116;21.6847;72.4909;16.138;59.814;26.8031;27.1205;32.7634;33.2738;81.1434;43.3569;29.9495;26.0962;56.6454;31.2469;18.2604;74.7708;57.8226;35.4943;28.7925;34.9598;12.3473;77.2035;75.3261;55.2367;37.7621;51.9457;21.2526;28.4941;8.20759;90.068;25.5406;79.9667;99.0591;28.6868;50.6572;15.5681;46.1025;42.5464;79.1572;66.8378;95.4761;16.9029;95.0168;117.957;72.3413;135.057;99.9026;108.313;77.2487;77.7249;112.707;104.35;5.97244;157.08;123.334;115.919;153.712;0.146006;69.9198;89.0659;79.1364;36.2633;3.5694;4.05089;131.369;0;114.535;114.231;0.334812;12.189;125.423;40.3064;114.234;100.102
gene-16-consensus;18.4367;31.1901;19.0344;19.468;22.8642;5.58622;16.308;40.4648;4.68881;20.5977;33.7397;19.3834;19.9903;21.3616;32.9508;13.9702;18.0466;19.4045;21.0183;7.3465;10.8043;16.6794;28.8964;51.6503;23.7772;18.8687;6.26574;70.6011;22.9453;29.466;24.0977;19.9705;12.4726;19.8071;2.71398;39.9799;15.3993;26.999;56.6164;15.9979;23.5268;7.74123;26.0491;15.8726;30.7244;35.0476;60.9741;15.9744;53.1614;74.3323;0;78.3214;68.7419;43.7794;56.9507;49.1358;38.2498;31.5176;2.63992;67.6437;60.7752;61.3481;118.482;0;63.7795;38.1363;33.2209;21.3486;1.19295;3.37891;56.2604;104.546;57.1385;62.7132;0;4.49611;63.2246;15.6232;58.1893;43.7418
gene-18-consensus;25.2422;56.0352;33.6886;36.0634;27.6978;10.029;15.2934;49.6602;5.64546;44.713;34.2984;47.1001;28.0786;28.1214;60.3502;25.4193;27.5376;33.0187;25.982;10.1961;23.0644;46.7148;43.9637;39.837;33.8042;39.1279;8.08043;93.6602;42.4348;42.2133;51.7846;28.6934;17.9495;29.6001;2.02024;53.3059;26.8305;41.6042;62.41;26.4024;35.7749;26.4287;26.6979;53.2658;76.3914;56.6681;111.421;13.7027;89.0271;128.91;84.9323;105.133;127.56;92.2401;94.4524;65.562;92.0734;69.9467;5.76054;121.321;127.964;116.437;190.95;0.401701;70.2263;85.1067;68.2662;41.6564;5.92402;5.3914;113.808;182.521;0;106.307;0;12.8825;114.049;39.7063;108.949;99.2804
gene-30-consensus;13.2947;39.0178;17.3666;18.9009;13.0375;6.6631;11.9777;23.5714;3.91122;22.4059;17.3817;18.373;18.6828;14.6982;28.968;12.3551;12.3426;12.0582;11.8811;5.92326;15.3101;18.6782;16.3357;22.1204;15.7249;16.9282;6.964;37.8801;26.9734;17.7301;14.8174;14.7083;6.18194;10.9395;0.635379;18.5724;13.449;16.8323;30.1182;13.3856;17.5909;10.5588;14.762;35.995;67.7839;33.963;52.2293;14.2001;63.6383;62.776;50.2346;66.5592;80.9409;49.7297;46.3312;73.2571;58.5436;63.1764;3.45347;79.4093;110.737;95.5005;167.434;0.136405;36.7115;48.0857;65.2815;22.8331;2.73328;3.20603;73.6777;158.741;40.4741;60.1813;0;6.46678;103.229;21.3061;74.1827;94.6121
gene-40-consensus;15.3128;38.7534;25.0429;22.6541;16.6016;12.2867;11.2074;29.0312;9.40147;16.657;18.1404;21.5785;18.8307;18.277;33.3197;13.1348;17.4732;16.0814;16.9953;9.03019;16.1407;16.618;24.6641;25.4749;13.9935;23.5894;7.55029;51.5687;23.2536;20.8338;25.7536;28.6131;11.9292;15.9044;3.62855;38.4471;14.2696;26.4709;36.0259;15.065;16.7904;14.4163;15.3316;29.0009;54.0036;52.3333;75.4157;8.6136;80.2295;99.5532;69.6285;79.3739;76.3921;68.1959;54.8304;59.2583;66.891;57.289;5.29944;116.31;86.1262;90.0728;120.324;0;51.533;58.8718;49.0337;25.9865;4.56568;2.57627;92.7505;171.251;70.9821;80.8061;0.369193;9.27925;107.333;31.7052;79.9051;0
gene-42-consensus;27.5323;57.1144;29.1118;34.0049;24.1913;14.2231;18.4774;39.565;12.9849;25.4615;29.8322;34.2612;33.7704;28.1125;48.5513;22.6172;29.2024;26.243;18.6235;18.7118;23.1188;28.8725;41.137;42.5944;25.7504;30.0321;11.207;69.2124;35.6119;41.1113;28.6304;32.4687;21.9266;20.4016;3.74027;60.9611;22.6195;25.3072;48.1909;27.3779;31.2886;17.8428;19.9037;37.1304;67.1425;51.9376;91.3007;14.5073;91.0476;96.2287;70.5434;101.117;94.2232;75.409;82.4608;66.4202;80.9376;77.0669;4.11356;135.212;116.323;102.585;157.64;0.289204;0;96.1956;65.583;31.7263;4.9243;2.83284;97.376;135.609;75.9757;97.2037;0;9.74119;121.946;36.6779;103.546;89.7826
gene-45-consensus;22.225;46.5399;24.9076;23.6622;18.0517;11.1288;11.6828;34.6154;35.1243;22.8984;24.6472;23.3485;21.9751;26.2863;38.1498;16.0835;20.5058;22.8187;22.9933;12.6557;16.3199;25.9973;29.7172;27.5467;24.5183;21.8679;10.2935;63.4401;28.2523;23.7283;31.6091;25.8386;16.5903;17.7987;4.96;38.4596;24.1017;21.3273;42.9275;21.6993;21.0048;15.1205;21.9065;28.2498;55.3662;49.7167;80.0139;11.2821;85.6777;105.609;63.4031;90.0192;89.8929;68.1067;69.2173;63.1134;79.8145;58.9908;3.90906;111.968;96.7475;104.687;187.342;0.0586957;55.947;75.5305;58.299;26.4672;3.16379;3.27415;92.8803;175.345;80.3188;0;0;8.16968;106.838;30.4513;104.409;0
gene-46-consensus;23.4841;53.2324;26.4064;31.5732;22.9651;15.8258;15.65;42.6665;10.0069;27.2352;32.3923;26.8433;20.1186;29.4004;44.1941;18.6359;23.5335;20.7209;16.6984;21.7078;19.3339;29.0128;37.418;38.5423;24.9489;26.5253;11.9898;82.8692;33.8406;35.4323;34.3742;37.796;17.6613;23.598;4.87078;48.162;25.9063;28.7016;44.8445;20.6482;31.1864;16.8431;19.4325;38.4728;58.0848;56.034;82.7768;10.7808;91.5072;114.286;65.8344;101.169;94.1477;72.8063;72.8069;71.6217;83.5214;0;5.92264;140.32;106.362;96.3819;157.441;0.935007;52.7158;84.4424;62.3876;36.0014;3.62064;2.40395;109.234;141.386;82.6687;87.3048;0;11.9895;83.2517;30.3862;96.194;89.6946
gene-47-consensus;30.6316;60.7094;43.155;50.1678;32.4716;16.4051;22.1701;55.1467;11.0139;39.3595;44.2694;51.2452;44.1633;38.1374;70.7297;35.3749;33.8155;40.4429;31.8132;26.292;28.0826;53.2625;52.082;52.5857;40.7329;37.965;13.8844;132.261;54.3241;54.1892;55.7816;36.0296;29.4094;34.2398;4.52853;74.3468;29.679;51.1405;80.7486;37.3657;50.7793;21.4903;26.391;53.926;94.6904;71.0814;108.009;19.5447;122.618;143.379;0;130.409;113.018;100.231;100.458;95.8312;99.2468;82.1361;5.76587;172.033;148.716;132.301;205.852;0.273576;79.0157;115.705;90.3123;46.9495;4.81692;4.2396;137.388;219.708;107.294;116.983;0.36067;13.3231;141.91;41.1714;114.63;138.32
gene-50-consensus;21.206;51.0949;22.6529;22.3654;19.4121;16.1328;16.6791;42.6129;9.92558;28.4675;23.2015;21.8684;20.0497;26.0128;36.3043;14.9359;22.5147;19.0406;34.4672;24.6967;13.9888;29.6012;26.657;28.7809;23.4318;19.3871;12.1983;66.5167;36.3891;35.2234;30.5373;35.7229;20.0139;18.0482;3.76356;51.5848;19.1695;22.2637;61.6205;25.9141;28.1616;11.4556;16.469;26.5827;48.9408;37.957;71.0353;14.7371;77.9778;92.6292;47.2057;83.6866;81.0067;58.3441;58.4866;55.6338;63.6931;70.6362;2.78326;115.156;78.7995;72.7881;164.05;0.0722367;51.8081;83.3601;48.8928;18.9851;1.5869;3.49912;84.9159;119.997;92.4949;70.3403;0;10.3259;98.5881;26.4532;97.7511;0
gene-51-consensus;18.9335;37.9306;25.6728;26.0083;19.503;33.9952;13.3131;41.3272;33.2609;33.8349;22.7952;27.6344;23.139;21.6525;30.3705;19.1655;26.1742;19.2707;53.428;33.4069;14.945;31.9511;41.1969;23.0313;24.7721;24.7813;13.1172;65.3842;57.5017;34.3451;24.0616;101.389;18.9947;22.7898;11.484;63.8133;17.9978;32.1203;85.3651;24.9789;32.5084;10.958;19.4181;25.3776;49.629;37.1239;55.2416;17.7995;67.0696;90.7406;43.8287;65.7255;71.3165;63.8337;48.7722;62.511;55.1747;45.6059;3.22576;128.941;124.098;0;198.529;0.309673;45.2681;67.8623;47.0099;19.3656;2.52462;0.965702;68.9038;182.503;67.2073;74.417;0;7.37842;93.2959;23.3544;81.6499;70.887
gene-54-consensus;17.9112;45.8749;27.0056;22.4905;18.1369;12.6512;13.5897;30.0305;8.56868;29.2815;26.3194;20.0811;24.234;24.4882;42.2343;14.9705;21.9934;21.6474;18.1491;14.5203;19.7164;24.0652;24.5257;30.0976;20.6191;23.7331;8.43845;68.0315;29.4231;29.5758;32.2703;26.4477;15.3475;20.6153;4.58988;39.1168;19.074;29.9783;39.1521;23.4496;25.2493;16.9746;17.9254;38.1659;60.4905;42.3468;75.2639;10.4353;81.3105;100.816;67.2572;97.6662;87.9186;73.8803;59.6975;69.8675;72.7269;75.0333;2.84922;109.187;104.74;96.6737;160.886;0.700055;54.8198;80.2343;68.0157;29.9072;2.56167;4.87507;121.507;152.987;70.5879;88.6719;0;8.60902;91.5679;33.187;88.6583;77.2418
gene-57-consensus;31.2861;56.1511;37.3995;35.8262;38.8604;35.3071;24.527;62.2211;28.8717;39.1918;28.1334;47.5983;33.9512;44.5548;51.4451;25.1033;36.3619;27.0154;54.1028;47.2857;23.6144;40.1728;45.5245;38.6079;32.4716;26.9898;20.708;94.4487;72.1943;46.4724;35.5726;89.8847;30.1472;29.7479;9.3698;84.0251;41.1637;47.4537;103.729;45.5804;46.0548;16.0151;24.0673;43.5425;79.7949;53.747;98.5305;21.9514;102.663;124.202;82.4444;111.192;99.5135;85.5005;86.131;77.6644;84.6075;88.0991;4.43857;175.059;137.129;115.835;196.379;0.733111;60.145;98.3919;78.603;34.8109;4.089;4.81022;128.973;170.295;98.7936;108.784;0.190657;11.9452;119.739;32.777;119.119;112.214
gene-60-consensus;12.5809;38.1804;18.6255;24.0847;17.0481;8.53509;10.3333;27.3293;7.65341;21.251;24.5006;13.7303;25.9589;14.8525;42.0365;14.506;18.6172;17.356;18.4993;7.29182;13.7471;27.4448;25.3031;29.6533;18.5863;25.1606;5.99079;57.8508;24.748;25.9884;23.4515;28.9615;11.4456;17.3579;1.64989;37.3588;14.4461;22.4623;31.1037;14.6565;24.2264;15.4455;15.9507;26.2223;55.2838;44.0721;79.369;10.2543;88.578;115.359;65.8285;100.281;77.2129;67.3466;70.4365;67.4038;74.5454;54.2916;4.84298;105.782;100.493;90.9817;158.013;0.10142;55.1252;67.5737;53.6257;24.9856;2.52304;2.4906;103.32;125.543;76.3031;81.6338;0;9.04416;97.0531;27.4993;94.8484;75.3909
gene-62-consensus;33.1074;73.9328;31.8996;54.1681;42.0337;41.015;13.7323;49.7551;21.9117;44.6375;50.8932;36.7179;39.0891;40.8896;104.438;37.7896;53.3198;40.4361;47.0437;59.6979;35.6223;39.5873;52.9653;55.8097;48.4213;41.5114;16.7632;144.465;88.8693;43.5453;57.5353;93.2353;35.7448;45.2268;3.0567;57.6491;39.6852;33.9269;61.4187;44.1404;50.2454;27.9881;23.9965;57.3577;78.9518;68.6024;111.345;18.7876;119.057;138.154;96.2068;117.854;95.8707;96.6683;104.066;69.616;117.406;79.3048;8.22061;141.414;139.463;130.323;161.575;0.512491;77.5961;100.233;88.8399;44.5466;4.57571;6.83988;108.028;200.447;86.5004;118.258;0.119326;13.0929;120.223;40.6912;140.851;116.494
gene-66-consensus;13.3518;28.9362;7.78571;10.2078;11.693;14.0257;5.9797;25.7076;14.4695;7.46447;11.3616;20.0106;19.762;17.167;19.5984;6.3056;18.5614;5.43112;21.0962;14.4153;14.1055;13.7286;17.1205;15.4898;13.1305;8.66648;9.03951;40.1099;26.9386;13.6943;15.2122;35.5596;14.416;4.91726;2.99276;30.588;16.1249;17.2315;41.4553;14.4043;15.089;2.57581;6.49534;10.337;40.902;29.179;47.0249;9.9969;57.5576;72.1043;48.5661;69.4116;55.5305;41.0124;33.8089;43.75;46.7187;40.3963;0.773172;78.1184;69.2522;59.5693;102.549;0;33.7492;43.0768;52.7112;15.0591;2.30471;0;62.63;92.293;43.1242;58.7558;0;4.20737;57.3671;16.2163;61.3389;53.7784
gene-71-consensus;24.5624;54.0392;26.8905;32.0989;20.6384;15.1676;18.813;49.2301;9.2357;31.3926;23.2587;36.4472;32.7725;37.1783;50.1851;27.1123;28.0451;24.5393;30.0116;18.218;23.7593;36.6709;39.0628;38.2709;32.8375;28.7977;14.2249;86.6817;42.1018;35.129;41.4713;31.0238;25.3744;27.4965;3.33391;60.5682;27.3077;33.8958;63.3662;34.9337;37.7654;17.958;19.1567;34.6323;75.7258;55.1562;100.342;16.1988;89.1843;117.399;73.0871;116.261;94.9587;85.7161;68.9238;66.7711;79.8659;76.7436;5.38339;146.832;118.856;98.9558;217.051;0.810151;55.4175;95.0989;57.1374;29.6021;3.29441;3.00105;104.024;213.738;91.2689;110.777;0;10.9087;93.0574;36.4803;103.583;93.2176
gene-73-consensus;21.3351;54.2789;28.9258;29.9523;26.5187;21.4066;18.3429;44.7748;23.4964;32.9673;24.0002;38.124;35.1401;36.3256;47.06;22.6886;28.0596;23.0487;41.0449;26.7881;21.0467;30.898;35.1744;35.8455;30.9578;26.2258;13.5319;66.3366;49.629;37.3849;32.9511;61.1575;23.377;23.9209;8.06144;62.1147;27.966;39.1711;71.5075;30.0198;37.2613;14.8213;20.9385;34.0846;66.1677;43.9082;86.3198;16.4092;85.0861;118.123;71.0874;104.02;91.2217;66.3808;69.6587;64.2597;85.6176;71.2533;2.67722;143.602;116.403;98.0912;0;0.102524;56.3223;77.7303;70.0367;29.9132;4.55463;0;112.761;143.07;75.7537;88.0342;0.208852;10.1609;0;25.3177;100.505;89.6279
gene-74-consensus;9.84299;38.8719;13.3874;15.3772;11.4809;15.3526;11.4229;30.7554;17.0924;19.5067;12.6708;16.232;15.4429;17.6625;23.268;12.701;17.2012;9.65333;29.6201;19.7257;11.0773;20.3377;25.162;14.8965;14.6804;13.839;8.64148;40.0542;27.3297;35.4499;20.9029;34.286;14.0305;14.3758;5.28168;52.4456;11.3974;19.6265;45.7441;20.2138;18.1077;8.71088;16.7408;22.4949;42.1847;28.8609;55.2908;11.0428;58.68;86.0301;32.4956;77.247;58;47.356;44.3068;43.0404;52.2441;45.0521;3.29025;78.0499;60.9273;53.082;101.071;0.151;32.0888;66.1185;54.6938;18.7672;3.09049;4.00251;82.0892;97.6007;49.4745;61.4324;0;6.48247;97.4078;25.7819;71.0054;69.5923
gene-76-consensus;19.1171;53.4432;20.2539;24.333;14.6641;5.77559;14.0752;44.1372;11.8937;25.1983;25.5036;23.3063;25.9071;23.0641;47.3287;15.9154;21.675;19.6108;14.6488;8.14147;17.3384;26.4015;27.6668;34.1779;24.95;23.6793;4.92796;68.0478;30.6072;28.111;37.224;21.0812;19.4652;23.7974;5.20194;52.7089;16.5162;24.3822;37.3139;20.2989;25.8647;17.8668;14.4895;32.6341;50.399;40.0726;67.495;10.2147;84.3482;88.5858;62.7152;81.4283;82.2235;74.1436;61.3328;56.1592;81.4265;55.6281;5.49539;117.641;94.2574;82.5221;141.187;0.0573671;56.8571;57.6014;59.4179;31.6529;2.82733;2.82499;87.7005;112.428;60.2595;83.4784;0;8.41811;88.2582;33.558;86.0134;80.907
gene-78-consensus;16.6264;31.9798;19.4655;18.2731;11.9417;19.0585;9.97196;31.619;18.5675;20.9958;16.5776;24.909;22.3851;22.2851;25.1496;13.6557;19.9724;12.7102;30.9132;20.0135;10.7739;17.7236;23.1613;19.6529;16.6423;12.7317;13.5239;42.09;28.258;29.6201;18.0589;58.1657;12.114;14.1367;4.67309;37.859;14.7417;27.1504;55.4245;13.5937;27.8585;10.0966;11.369;17.5348;31.4992;24.4193;49.6416;11.1739;59.9818;64.4451;45.6246;47.0338;62.6523;45.0954;40.5002;28.6493;42.7978;29.0333;3.06346;91.5131;64.6143;43.7285;95.5265;0;37.7147;49.5394;35.28;19.9319;0.979381;1.54196;66.8385;93.0045;51.4988;64.3536;0;6.02335;64.0681;18.0586;65.2262;47.7899
gene-7-consensus;7.44201;1.23944;11.5587;6.59697;11.6445;4.73889;2.87759;9.4875;3.82293;13.5197;12.8839;0;0;0;26.9482;2.10591;13.6856;5.95616;13.6381;0;3.92276;15.4731;9.02694;14.3617;2.19167;9.83547;0;33.2402;10.3712;12.2095;0.325752;20.9193;0;3.80134;0;10.0481;0;6.99382;21.5766;0;8.07481;1.00602;12.7952;24.0165;30.798;26.8022;47.8451;3.45625;47.1836;57.7315;56.5471;46.9777;58.1828;37.1898;36.1532;40.3541;41.4759;36.0106;0;61.2265;64.6845;65.8521;94.1972;0;36.3332;38.8542;40.7995;15.7487;0;0.876166;61.8872;104.461;39.2073;0;0;2.94645;58.0656;21.1667;59.0215;54.0327
gene-82-consensus;10.3291;31.7224;21.499;22.2955;13.4;1.22426;11.6967;21.9363;6.19536;22.4535;22.6004;16.5047;16.5674;19.0682;33.1225;14.1505;20.4447;16.3744;6.38369;7.5651;12.7199;18.2514;24.4753;28.648;21.6494;30.0614;2.99104;58.3929;16.2039;27.4565;15.4516;12.3283;7.69003;13.42;2.18436;29.0564;9.62688;17.0319;38.1507;15.8238;17.4616;15.6608;10.4142;0;48.6823;53.2514;70.5678;4.35173;83.2463;98.291;63.5794;90.27;67.3774;69.8887;64.0812;60.8051;77.7829;75.0443;2.55127;137.368;103.623;80.1562;140.784;0.11038;56.7005;76.696;53.2703;22.9229;3.60708;3.30501;89.8871;121.644;59.1346;82.8154;0;11.3335;77.1752;26.0553;96.5624;0
gene-83-consensus;18.7804;45.906;22.5115;27.585;27.4903;15.8677;17.9525;31.3155;11.6584;27.5869;21.4849;0;27.1209;23.3061;39.2721;18.9037;18.5917;19.7576;23.6006;21.8977;16.0879;25.0892;28.7429;28.4657;23.8093;19.2189;0;65.1741;32.4816;30.635;25.7089;29.5679;14.3443;21.6161;3.12268;40.1949;17.121;23.988;42.9983;24.9563;28.6013;0;15.2484;29.3377;49.8416;44.1226;66.0998;12.2867;82.8873;0;62.6626;96.9164;70.5673;56.0983;0;0;70.8145;51.0611;1.90022;95.9648;95.7663;71.5816;139.481;0.354067;49.7172;65.8671;52.3177;24.7387;3.21755;2.69097;97.4551;0;63.8977;84.7216;0;8.68847;86.2372;33.6226;89.0891;0
gene-84-consensus;7.22569;14.583;7.42782;10.3071;7.50122;2.70651;5.27742;17.7023;0;13.9339;9.98454;7.43353;8.4075;11.0258;17.5323;7.45781;10.7616;7.79577;10.0086;2.90261;3.86751;12.6253;13.9579;11.8336;8.51826;7.85691;2.42419;24.8504;16.8438;10.4768;11.9048;10.8216;5.64227;8.64782;0.800266;16.6488;8.04543;9.18719;20.7151;4.9615;10.1156;8.34431;6.92668;14.9189;25.5372;21.1766;27.8562;5.56619;47.6704;56.7685;31.4349;41.3357;43.8969;29.5409;29.7757;21.3373;35.2207;22.7813;1.11632;43.3415;39.9472;47.0444;58.8402;0;26.8836;34.0413;24.8967;16.7118;2.75252;0;58.4765;102.312;36.6285;49.6311;0;4.86999;53.3147;15.8481;54.6651;37.4558
gene-85-consensus;13.3207;28.2208;17.1889;26.1263;23.9862;6.87621;10.2695;33.7481;5.3;20.3313;21.7624;17.5209;18.2823;23.8258;39.8554;15.7313;17.857;15.9785;18.0938;13.212;13.294;25.2771;22.4209;19.5032;21.9415;22.8289;8.06987;57.3999;29.5941;27.5318;33.4522;26.1585;7.16932;15.3457;0.450867;29.9233;16.4598;23.3883;43.0449;12.3058;19.1273;15.2736;16.0131;28.3642;43.9992;34.2348;61.579;10.0861;68.6408;71.4678;89.1183;81.7017;97.4484;53.3984;60.8539;37.4696;58.4655;64.9111;2.42791;121.869;134.433;61.9458;112.381;0.261821;49.0676;58.4547;41.7659;24.5752;2.6103;2.6337;83.2172;166.324;57.9145;67.0134;0.160638;8.15012;76.8927;26.943;77.3784;90.4302
gene-89-consensus;21.1097;41.8308;32.4355;39.7005;11.4512;14.6213;15.7928;36.0009;13.0552;30.9907;26.8288;33.0333;30.3467;34.3811;55.0864;24.6382;30.965;30.343;29.8324;16.8242;20.5337;33.192;39.2318;31.2343;27.4296;26.5852;9.81578;72.9006;42.6344;30.7394;32.8465;43.9567;14.8082;22.5616;4.13634;50.059;16.511;34.5173;57.9359;25.4721;39.8617;14.3739;22.8718;31.1016;53.2007;47.9801;72.5803;13.7544;78.6387;97.592;0;75.3034;68.6687;70.351;69.4611;56.9797;73.7154;57.5139;6.50533;101.419;85.9181;75.3669;126.633;0.286872;51.064;76.505;53.3124;28.5761;3.77342;3.26128;91.9452;0;69.6261;81.7158;0.205722;10.2283;114.755;32.5776;92.0274;73.9096
gene-93-consensus;9.58101;30.7335;18.921;19.4722;11.5495;17.4088;13.4125;27.7811;13.017;20.5999;20.5405;18.7506;13.051;20.4342;29.9487;10.1665;15.3682;16.9049;21.1376;13.665;10.1186;17.032;24.4005;20.9165;18.5205;11.6671;8.13276;48.8048;25.6472;17.3744;16.4327;28.8001;12.81;14.4496;2.99884;32.1487;15.5298;17.8099;38.4554;16.7727;19.1709;13.2057;13.1232;22.2973;38.8096;32.7651;61.8277;9.73419;60.3863;75.1556;51.7323;71.3328;48.998;51.6115;50.5608;41.6161;41.0728;29.3998;2.81304;72.0977;66.0395;63.7249;110.922;0;38.6506;41.1585;42.7348;22.2481;3.69767;1.67133;70.3045;125.655;45.5384;49.5893;0;5.95505;52.103;18.0658;72.6028;57.6972
gene-94-consensus;20.4599;45.4153;29.5919;39.7553;23.8956;29.3204;21.2066;54.9229;21.1877;37.7895;33.0828;39.0469;30.7524;34.9805;45.3809;22.4259;27.2055;28.7313;37.7864;30.9311;14.7595;41.2994;31.0123;39.0661;36.61;30.2569;15.5616;88.8316;51.192;43.4873;39.0066;53.1397;26.702;21.6934;7.44063;68.9826;23.2522;47.3667;78.3441;26.2853;34.7772;19.6525;24.3588;37.6035;64.5984;45.1885;74.3764;15.9018;97.0609;112.1;71.0341;94.4671;82.0181;67.9598;75.3206;62.7985;68.4521;69.6987;3.40545;154.987;115.316;93.4079;163.543;0.14277;50.0456;75.4907;59.4621;32.061;4.2006;3.14958;111.929;131.986;88.8488;92.7917;0;11.0963;120.234;28.0486;102.372;91.0944
gene-97-consensus;16.003;44.086;21.0309;27.0232;18.2379;25.4682;12.0784;30.2916;14.9077;25.1733;17.6362;32.6806;23.1731;30.6626;30.8979;16.1387;23.0714;15.5776;56.0524;30.1032;23.13;53.0342;29.185;18.2857;23.0186;20.8539;14.9397;53.2255;37.6388;31.6272;23.7142;50.1893;17.601;17.0436;6.67808;49.605;35.6602;31.6258;88.7563;31.6686;25.5146;9.60521;15.0156;23.105;38.8725;28.1017;58.346;11.2377;61.7874;66.29;39.7999;70.508;55.7026;45.5035;52.4241;43.31;54.3269;49.0528;2.88387;67.9633;63.9768;65.8169;100.626;0.508808;43.5866;38.7696;33.9573;18.3001;1.91045;2.3922;63.2339;0;45.916;61.5109;0;8.39621;63.5782;16.3506;73.5401;40.1341
gene-99-consensus;15.2664;27.6415;17.8282;19.2899;12.468;16.2105;6.12073;23.7639;20.8117;23.1365;17.3832;20.3656;15.1572;16.9379;36.9505;14.7953;16.9345;14.8058;26.1287;18.9671;7.10889;20.9944;24.8393;18.719;16.2407;13.9206;11.0375;48.0907;41.8026;20.2087;16.7815;43.6274;13.8134;18.6659;3.49672;27.0119;13.9131;21.6536;52.5887;16.8839;18.1225;10.5944;17.4194;25.6462;52.5011;29.8725;47.8192;12.2703;55.1162;77.5902;41.242;53.3744;56.8257;57.8946;46.776;0;71.5948;51.8869;2.95857;104.73;98.7949;60.7734;125.595;0.295499;41.1936;58.9515;57.1214;25.9405;1.67096;1.94188;65.6329;148.187;59.9102;65.051;0;5.95074;56.2577;24.9081;68.1485;0
gene-9-consensus;13.3242;35.2218;24.6207;26.7896;18.8213;13.2491;16.4173;25.8371;12.5706;29.7197;24.6272;15.6693;19.5919;22.1298;38.6447;16.8564;21.422;18.9893;21.0177;14.4885;16.2846;27.4172;23.4371;24.8283;23.1942;24.6856;8.81794;57.4209;30.8598;26.7668;20.9025;28.2845;11.6018;21.6607;4.61328;35.9563;14.0087;26.7197;46.3028;18.8268;27.0758;16.8045;16.0659;31.615;48.4179;41.8112;64.3474;10.5458;76.8416;89.8288;0;84.1946;80.0648;58.9951;63.8318;59.6619;63.673;57.048;3.10317;99.9309;0;67.3343;125.274;0.350532;53.4627;68.9683;57.0185;27.3028;3.97412;2.53691;88.8655;101.95;53.2832;73.2536;0.105152;7.4137;109.762;27.5086;82.938;71.2147